t,P_a
0.0,76.9501748524
1.0,76.8324601418
2.0,76.1842938196
3.0,76.4909416054
4.0,77.5240450458
5.0,76.6074767653
6.0,76.4760129118
7.0,76.7659246532
8.0,76.9895585963
9.0,76.7394082877
10.0,76.8084838702
11.0,75.6096098753
12.0,76.5044206724
13.0,76.8546818057
14.0,76.6240898836
15.0,76.0153880697
16.0,76.4066431534
17.0,76.0737975796
18.0,76.3248348076
19.0,76.7121900614
20.0,75.7770580617
21.0,76.159032863
22.0,76.4226857323
23.0,76.0678950468
24.0,77.1807689811
25.0,76.8625231587
26.0,77.2262940942
27.0,76.8968975402
28.0,77.256585278
29.0,75.9877148701
30.0,76.337906501
31.0,76.5166316071
32.0,76.6597449664
33.0,76.7825787219
34.0,77.0032454026
35.0,76.2970070815
36.0,77.4050661527
37.0,76.6021113737
38.0,77.1167833662
39.0,76.1144549521
40.0,76.2325207751
41.0,76.8067679468
42.0,76.798544852
43.0,77.9071166958
44.0,76.9439919893
45.0,76.3371586145
46.0,76.4683307183
47.0,76.4764586936
48.0,76.6341448148
49.0,76.6287596613
50.0,76.6003719472
51.0,76.552834752
52.0,76.1903587351
53.0,77.4547373793
54.0,76.7304029935
55.0,77.4106560337
56.0,76.0113045181
57.0,76.3297570525
58.0,76.768711314
59.0,76.4842761541
60.0,76.8582559861
61.0,76.1006687751
62.0,76.8286191964
63.0,76.6030134381
64.0,77.3891815865
65.0,77.6628691134
66.0,76.4327055896
67.0,76.5514338016
68.0,76.9742941578
69.0,76.0020529101
70.0,77.6899485777
71.0,77.1385609107
72.0,75.7667912425
73.0,76.1745095272
74.0,76.3555029423
75.0,76.9953986348
76.0,76.0690794412
77.0,77.3094906142
78.0,77.4241188952
79.0,76.5801755587
80.0,76.6563806807
81.0,76.4734750042
82.0,77.4823033425
83.0,76.9455871938
84.0,76.7420633996
85.0,77.050147796
86.0,76.3931219604
87.0,76.0729204328
88.0,76.2878487106
89.0,76.9324530383
90.0,76.5988917427
91.0,77.0100195019
92.0,76.5180994417
93.0,76.8401383193
94.0,78.4014520367
95.0,76.0037995501
96.0,76.9425043889
97.0,76.4680174315
98.0,76.2070908705
99.0,76.3923350682
100.0,76.4529773793
101.0,76.6594289902
102.0,75.749392277
103.0,75.8875759423
104.0,76.5648782461
105.0,76.3367832276
106.0,77.6779480099
107.0,77.5522111075
108.0,76.6893870531
109.0,77.6843472742
110.0,76.4153636531
111.0,76.8297944135
112.0,75.8272201779
113.0,75.7821286053
114.0,76.3185966655
115.0,77.4106948185
116.0,75.7556399581
117.0,76.4672101007
118.0,76.330989633
119.0,77.0108145681
120.0,76.6152068158
121.0,76.7066446087
122.0,76.0243090119
123.0,76.6549837779
124.0,76.5403058982
125.0,77.2737518647
126.0,77.7809058716
127.0,77.1149550364
128.0,78.2339190496
129.0,76.6742092523
130.0,76.6989981386
131.0,77.5766170107
132.0,76.1795448792
133.0,77.0623111957
134.0,76.6501006004
135.0,76.322347232
136.0,76.3651941881
137.0,77.4545349397
138.0,76.9566853446
139.0,77.3373327826
140.0,76.4978389389
141.0,75.6974003447
142.0,77.0071986265
143.0,76.2517979983
144.0,78.3831112246
145.0,75.7906170816
146.0,77.6115926901
147.0,76.5514639024
148.0,77.1723554675
149.0,76.488865778
150.0,76.2869765931
151.0,76.0426905748
152.0,77.5584139297
153.0,77.1039858494
154.0,77.4689146947
155.0,77.0163661026
156.0,77.3475689684
157.0,75.7536827771
158.0,76.6997776265
159.0,75.6765273949
160.0,76.97286265
161.0,77.1664726787
162.0,76.7895294559
163.0,77.0820177439
164.0,76.9897346708
165.0,78.0912602704
166.0,77.354927276
167.0,77.2223281054
168.0,76.7087705757
169.0,77.5668677207
170.0,76.2044187474
171.0,76.3899439007
172.0,76.2322171403
173.0,77.2738160415
174.0,77.0570344349
175.0,76.6659707811
176.0,77.2644655098
177.0,77.0104755837
178.0,77.013498535
179.0,76.8080304129
180.0,77.0542608801
181.0,77.1646659601
182.0,76.6726902558
183.0,76.4739323799
184.0,77.6330906717
185.0,76.3197174591
186.0,76.7239130123
187.0,76.844795545
188.0,76.4087110596
189.0,75.5096368849
190.0,76.2291489451
191.0,76.98933959
192.0,77.5685006525
193.0,77.1140009872
194.0,76.0411561501
195.0,76.1899884943
196.0,76.8493161454
197.0,76.2232997473
198.0,76.7522950555
199.0,76.8990379073
200.0,76.2346450426
201.0,77.5197779512
202.0,76.8581269818
203.0,76.2551174662
204.0,76.042591866
205.0,76.9554004867
206.0,77.0661634834
207.0,77.2058122078
208.0,76.0260806586
209.0,77.0408285546
210.0,76.640908235
211.0,77.4883519247
212.0,77.1732609984
213.0,77.7283156943
214.0,76.225038766
215.0,77.1766470325
216.0,78.2450728665
217.0,75.8050769838
218.0,77.0984211032
219.0,76.6738543331
220.0,76.4236834186
221.0,76.703455561
222.0,76.2139595046
223.0,76.8449441349
224.0,76.9247320137
225.0,76.6400884128
226.0,76.5495107368
227.0,77.7565998484
228.0,75.7525333808
229.0,76.3221809331
230.0,76.2786214779
231.0,77.9674055116
232.0,77.510397388
233.0,77.0600495632
234.0,76.49593093
235.0,76.7415687999
236.0,76.517681859
237.0,77.2354670851
238.0,75.8703411309
239.0,77.2000714638
240.0,77.3436690447
241.0,76.9023327245
242.0,76.0886260027
243.0,77.1942411639
244.0,77.042375508
245.0,77.5315115595
246.0,77.1229205226
247.0,76.1352519042
248.0,76.7941988858
249.0,76.7328869816
250.0,76.9514608865
251.0,76.8060956906
252.0,77.2387677858
253.0,76.5281161434
254.0,76.2550947127
255.0,77.3949635071
256.0,76.4455448867
257.0,76.7485517707
258.0,76.5300266977
259.0,77.2090602827
260.0,76.5466933583
261.0,77.1511444435
262.0,77.2834932918
263.0,77.2609501879
264.0,77.1490579888
265.0,77.0605929793
266.0,76.1199654763
267.0,77.3066179542
268.0,76.522238609
269.0,76.8103062132
270.0,76.1665431043
271.0,76.1880241765
272.0,76.3231834511
273.0,76.3990791035
274.0,76.6563817476
275.0,77.0048737949
276.0,77.4240676348
277.0,76.8642551015
278.0,76.4305835698
279.0,76.5034870162
280.0,77.3980629958
281.0,75.8116076359
282.0,76.337050529
283.0,77.3564034493
284.0,75.8823257204
285.0,77.2816721481
286.0,76.6820755999
287.0,76.3646004816
288.0,77.1849658984
289.0,77.3072459753
290.0,76.7179597868
291.0,77.2409411725
292.0,76.2377955803
293.0,76.8647372164
294.0,76.6511505478
295.0,76.0051854588
296.0,76.5915084695
297.0,76.1376867184
298.0,76.3672657074
299.0,77.4247269133
300.0,77.3469163727
301.0,76.7311658298
302.0,76.6102077933
303.0,76.2031082279
304.0,76.3207940571
305.0,76.85156846
306.0,77.1675906908
307.0,76.6122628462
308.0,76.9611804377
309.0,76.9520076255
310.0,76.879407097
311.0,77.547948429
312.0,76.5930099716
313.0,76.1421950385
314.0,76.4869460548
315.0,76.7746123157
316.0,77.3481510532
317.0,77.282379212
318.0,77.2063862101
319.0,76.3795377677
320.0,76.4748119611
321.0,75.5280876941
322.0,77.6105444507
323.0,76.431128489
324.0,76.4259706707
325.0,76.7161698591
326.0,75.6932301427
327.0,77.1728604599
328.0,76.5392659436
329.0,76.0394788841
330.0,76.6491500288
331.0,76.5580639233
332.0,77.4253132686
333.0,76.724999516
334.0,76.5098441833
335.0,77.3224375894
336.0,76.9301391326
337.0,76.9266367852
338.0,76.4761694876
339.0,76.9739537606
340.0,76.1885219993
341.0,76.9303420819
342.0,77.5267749894
343.0,76.7121835987
344.0,76.8034872262
345.0,76.4141654068
346.0,77.2765680756
347.0,75.714733347
348.0,76.6545004099
349.0,76.845915954
350.0,76.6722775564
351.0,77.138927345
352.0,76.2881665251
353.0,76.8028400318
354.0,77.1829375661
355.0,76.7508590565
356.0,77.2430789279
357.0,76.4479786001
358.0,76.9003450495
359.0,77.1701170183
360.0,76.5501287943
361.0,77.2055484896
362.0,76.6277201538
363.0,75.6787624662
364.0,77.4416155128
365.0,76.6580117025
366.0,77.5892035044
367.0,76.4480711792
368.0,75.9703171031
369.0,77.3400133882
370.0,76.4668589754
371.0,77.9185000496
372.0,76.5208050749
373.0,77.1461811363
374.0,76.7582758407
375.0,76.2472543074
376.0,76.88678847
377.0,76.0373460929
378.0,76.1224822597
379.0,77.4136531569
380.0,76.8002716028
381.0,76.1990428552
382.0,77.5354121284
383.0,77.0476463485
384.0,77.6816210605
385.0,76.0227975263
386.0,77.5409737242
387.0,76.8789689275
388.0,76.7940371821
389.0,77.0884607136
390.0,76.948604506
391.0,77.0463481156
392.0,76.543372861
393.0,76.3938546211
394.0,77.0341154639
395.0,76.2001757638
396.0,76.4347171544
397.0,75.6794320879
398.0,76.5524699483
399.0,76.6302081475
400.0,77.5569447279
401.0,77.854163716
402.0,77.051590109
403.0,76.5661736415
404.0,76.784384708
405.0,76.2365478991
406.0,76.6459845319
407.0,75.8935889763
408.0,75.8681420373
409.0,75.8130569207
410.0,76.2848198311
411.0,76.936420506
412.0,76.6191476114
413.0,76.5842375264
414.0,76.5267223683
415.0,77.3498816967
416.0,76.4290127322
417.0,76.2178913584
418.0,77.148592623
419.0,76.707500575
420.0,76.1724822494
421.0,75.1295004872
422.0,77.1469150588
423.0,77.1714570667
424.0,76.9658496034
425.0,76.9597386091
426.0,76.6253993928
427.0,76.6031857378
428.0,75.5039704341
429.0,76.9633114792
430.0,76.2187072426
431.0,77.5035968874
432.0,77.3514747531
433.0,76.9541576345
434.0,76.4875139293
435.0,77.1194361644
436.0,76.3184571097
437.0,77.2229730311
438.0,77.072266529
439.0,76.450729496
440.0,76.7799148297
441.0,76.7927003438
442.0,76.982663678
443.0,75.9949652689
444.0,76.9264673218
445.0,76.0955218186
446.0,76.5777903862
447.0,76.6449820389
448.0,77.5902557875
449.0,76.3272210488
450.0,76.5783972561
451.0,75.6936048001
452.0,76.7346985004
453.0,77.6916136987
454.0,77.5094379498
455.0,75.7965667066
456.0,76.9579453528
457.0,75.4786398761
458.0,75.7921941696
459.0,76.6526924721
460.0,77.0592281804
461.0,77.4544008594
462.0,76.2905215679
463.0,76.6392205445
464.0,76.5421020283
465.0,76.9173140487
466.0,76.1889344918
467.0,76.257748019
468.0,76.0916656903
469.0,76.8164813833
470.0,76.8834078432
471.0,76.6411932455
472.0,77.6878278828
473.0,76.1252214736
474.0,76.621505639
475.0,77.5466291771
476.0,76.442049037
477.0,77.8122837632
478.0,77.2522720498
479.0,76.8026413008
480.0,77.3974695239
481.0,76.7720423354
482.0,78.0102419632
483.0,75.5511356798
484.0,76.4712124572
485.0,76.528699624
486.0,77.1329375945
487.0,75.8989802315
488.0,76.1052561471
489.0,77.2037829173
490.0,76.4411998594
491.0,77.3861529571
492.0,77.6034486391
493.0,76.8410671331
494.0,76.8801881851
495.0,76.582544484
496.0,77.0538420825
497.0,77.2962851035
498.0,75.9111407785
499.0,76.2943033014
500.0,102.991044274
501.0,104.088236656
502.0,102.553520563
503.0,103.610638514
504.0,103.803508564
505.0,103.837280536
506.0,102.987877526
507.0,103.892733089
508.0,104.280215774
509.0,103.999366886
510.0,103.166518968
511.0,103.444948397
512.0,103.965377295
513.0,103.566836327
514.0,103.011472238
515.0,104.270395293
516.0,103.183374643
517.0,103.429462119
518.0,103.684555215
519.0,104.53427998
520.0,103.962814005
521.0,103.792963693
522.0,104.009459606
523.0,104.035164089
524.0,103.877259215
525.0,103.530577357
526.0,104.107865991
527.0,103.02036929
528.0,103.14722684
529.0,103.625118392
530.0,103.816988175
531.0,103.786406363
532.0,103.596061235
533.0,103.07598673
534.0,103.1972933
535.0,104.038826391
536.0,103.333464348
537.0,103.84637585
538.0,103.445393455
539.0,103.240864175
540.0,103.597485794
541.0,103.099468712
542.0,103.744426629
543.0,104.451093913
544.0,103.459529092
545.0,102.102670536
546.0,103.188343226
547.0,104.378686867
548.0,103.894966248
549.0,103.319099332
550.0,103.019048181
551.0,103.872279228
552.0,103.858453467
553.0,104.389788481
554.0,103.611369741
555.0,103.63492553
556.0,102.750439869
557.0,104.47105163
558.0,103.337289507
559.0,103.560938972
560.0,103.720082697
561.0,102.912315079
562.0,102.839554717
563.0,102.692566906
564.0,103.478630917
565.0,104.160664203
566.0,104.148973439
567.0,103.76506603
568.0,103.230909466
569.0,103.35753528
570.0,103.485196303
571.0,102.824017813
572.0,103.592481552
573.0,103.692156948
574.0,103.342662942
575.0,104.037483614
576.0,103.147126698
577.0,103.637738567
578.0,104.372930623
579.0,104.195399017
580.0,104.009834578
581.0,103.071416852
582.0,105.0
583.0,103.451776314
584.0,103.92189299
585.0,104.80798469
586.0,103.528827596
587.0,103.977367094
588.0,103.518228641
589.0,104.286053309
590.0,103.272694481
591.0,104.017540788
592.0,102.958394674
593.0,103.481134573
594.0,103.72033017
595.0,103.061597249
596.0,103.07632009
597.0,103.250822406
598.0,103.840095849
599.0,103.535374505
600.0,102.858631654
601.0,104.200946191
602.0,102.770127576
603.0,103.563033282
604.0,103.580095985
605.0,104.237311023
606.0,102.925567976
607.0,104.581582065
608.0,103.40259859
609.0,104.137329943
610.0,103.383012215
611.0,103.47544841
612.0,103.947942384
613.0,104.123758059
614.0,103.469014375
615.0,103.107436094
616.0,104.271056413
617.0,104.163855947
618.0,103.148925953
619.0,104.937677661
620.0,103.3301648
621.0,104.57227646
622.0,102.655949917
623.0,103.055070622
624.0,103.576038635
625.0,102.957164537
626.0,102.303899319
627.0,103.547914748
628.0,103.382015171
629.0,103.755126789
630.0,103.771948362
631.0,103.367284301
632.0,103.364225206
633.0,103.238568701
634.0,102.644892361
635.0,103.672636885
636.0,104.314959478
637.0,103.692866602
638.0,104.2284652
639.0,104.048004343
640.0,103.356008918
641.0,103.819790511
642.0,104.510846208
643.0,103.625658516
644.0,104.410731333
645.0,103.548866224
646.0,102.211512693
647.0,102.834250233
648.0,103.840525838
649.0,103.634430086
650.0,103.405207924
651.0,103.877566353
652.0,103.255418563
653.0,102.702171995
654.0,103.157132829
655.0,103.380249468
656.0,102.482150603
657.0,103.064057271
658.0,103.995184161
659.0,103.335562205
660.0,102.795827682
661.0,103.662273842
662.0,103.927752147
663.0,103.279009178
664.0,101.938980761
665.0,103.925151514
666.0,104.208256039
667.0,103.41579316
668.0,103.285094857
669.0,102.736139929
670.0,103.016904918
671.0,102.230000695
672.0,102.768636485
673.0,103.897168239
674.0,102.654552354
675.0,103.066852489
676.0,103.925256877
677.0,103.862000445
678.0,103.478475167
679.0,102.635574005
680.0,104.103386568
681.0,103.945829983
682.0,103.435211473
683.0,103.693075746
684.0,103.716469728
685.0,103.516165485
686.0,103.455121507
687.0,104.137243343
688.0,104.237160515
689.0,103.767957644
690.0,103.860136095
691.0,104.255105112
692.0,103.478492124
693.0,103.629819365
694.0,103.956081314
695.0,103.396843881
696.0,103.344144483
697.0,103.710501867
698.0,102.899967312
699.0,103.916194888
700.0,103.820809741
701.0,103.295848619
702.0,103.512844899
703.0,103.851970037
704.0,102.631993192
705.0,103.323256389
706.0,104.030396094
707.0,103.570479216
708.0,103.323575629
709.0,103.364849892
710.0,103.506738245
711.0,103.860000183
712.0,103.893679564
713.0,102.948973639
714.0,103.3768318
715.0,103.116013633
716.0,103.559017914
717.0,103.780476703
718.0,103.94666181
719.0,102.556515711
720.0,103.383682281
721.0,103.038675255
722.0,103.667656203
723.0,104.208041127
724.0,103.744893451
725.0,104.362493184
726.0,102.567410453
727.0,103.157779473
728.0,103.599568981
729.0,102.712521218
730.0,103.479437258
731.0,103.47359089
732.0,103.934660123
733.0,103.484870372
734.0,103.505093873
735.0,103.783519132
736.0,102.821783664
737.0,103.633234616
738.0,103.703962229
739.0,103.176302038
740.0,103.323977866
741.0,103.766199878
742.0,104.036542335
743.0,103.640253014
744.0,104.123240184
745.0,103.6938889
746.0,103.562728128
747.0,103.69023804
748.0,103.354225234
749.0,102.9028836
750.0,102.579478314
751.0,104.163709405
752.0,103.474381471
753.0,103.550209599
754.0,102.915579478
755.0,104.315379785
756.0,102.652926463
757.0,103.393489257
758.0,103.074758804
759.0,103.411037545
760.0,104.271740632
761.0,103.229144247
762.0,102.194695146
763.0,104.078941413
764.0,103.379485211
765.0,103.780293556
766.0,103.786138842
767.0,102.764802042
768.0,103.486796283
769.0,102.603511387
770.0,103.375473083
771.0,103.516608283
772.0,103.29766701
773.0,103.209386954
774.0,103.159856352
775.0,104.353519118
776.0,103.015790855
777.0,102.486989015
778.0,103.983706168
779.0,104.230465702
780.0,103.304286829
781.0,103.625456323
782.0,103.58122291
783.0,104.015574583
784.0,104.52961852
785.0,104.084815061
786.0,103.982692515
787.0,104.683011299
788.0,103.234178804
789.0,104.225546072
790.0,104.355737516
791.0,103.168284495
792.0,103.940757742
793.0,103.624812471
794.0,102.851348885
795.0,103.578797054
796.0,103.054496415
797.0,103.724306526
798.0,103.619610411
799.0,102.946554468
800.0,104.050783271
801.0,103.066041276
802.0,103.251038582
803.0,103.813930168
804.0,103.380102367
805.0,102.279127248
806.0,104.126889725
807.0,104.487874396
808.0,102.344633429
809.0,104.258467725
810.0,103.398583532
811.0,102.920011063
812.0,102.831060331
813.0,103.414778999
814.0,104.225944871
815.0,103.671623757
816.0,102.968955129
817.0,103.669985202
818.0,102.610316752
819.0,103.660919005
820.0,104.031173867
821.0,103.90742193
822.0,103.62572576
823.0,104.251784315
824.0,103.734831896
825.0,103.118312267
826.0,102.47118503
827.0,103.352273945
828.0,103.303014692
829.0,102.991770474
830.0,103.707262
831.0,103.671916732
832.0,103.426241678
833.0,103.780201436
834.0,103.360844673
835.0,104.452003753
836.0,104.394950357
837.0,103.564283315
838.0,104.26114426
839.0,103.734785045
840.0,102.896997821
841.0,103.244115636
842.0,102.841500044
843.0,103.723687385
844.0,103.143827277
845.0,102.925254616
846.0,104.334202016
847.0,103.414902897
848.0,102.634837191
849.0,103.464545287
850.0,102.601702812
851.0,103.771495993
852.0,103.74496653
853.0,103.95887916
854.0,104.04551857
855.0,104.102010862
856.0,103.880136326
857.0,103.596524647
858.0,103.978594791
859.0,103.461911077
860.0,102.965222325
861.0,103.19088005
862.0,103.597668333
863.0,104.373994274
864.0,104.448228905
865.0,103.717657113
866.0,102.868476612
867.0,103.506179718
868.0,103.351495604
869.0,103.008599102
870.0,104.332419709
871.0,102.525653028
872.0,103.079679419
873.0,104.042858664
874.0,101.985472516
875.0,103.542948388
876.0,104.350440443
877.0,104.024008711
878.0,104.406000537
879.0,103.693881028
880.0,103.042959324
881.0,103.170796343
882.0,103.744333328
883.0,103.51521123
884.0,104.004419004
885.0,102.366251258
886.0,104.262271478
887.0,103.34835935
888.0,104.441617956
889.0,104.508950357
890.0,104.245531026
891.0,104.388613454
892.0,103.000468963
893.0,103.483810729
894.0,104.276085334
895.0,103.138969696
896.0,103.383136512
897.0,103.150740966
898.0,103.985820315
899.0,103.209413049
900.0,103.635406007
901.0,103.579319055
902.0,102.463270268
903.0,103.073114305
904.0,103.1397109
905.0,103.307549224
906.0,103.80995757
907.0,103.136982911
908.0,102.989356892
909.0,103.011669303
910.0,103.125255956
911.0,104.049996
912.0,103.465075537
913.0,102.548192703
914.0,103.173868245
915.0,103.291319887
916.0,103.35544523
917.0,103.326044862
918.0,104.327040339
919.0,103.329878315
920.0,103.40789532
921.0,103.476047571
922.0,104.051319571
923.0,102.654688118
924.0,103.021354827
925.0,102.833074935
926.0,103.100497003
927.0,103.149912207
928.0,103.813829025
929.0,103.73973823
930.0,103.72456141
931.0,103.622494057
932.0,102.891820911
933.0,103.521470689
934.0,103.62974154
935.0,104.369598387
936.0,104.156831357
937.0,103.165391048
938.0,104.088623788
939.0,103.205479717
940.0,104.587311938
941.0,103.027966597
942.0,103.437785999
943.0,103.002473488
944.0,103.435418467
945.0,103.15051319
946.0,103.333760747
947.0,103.727745284
948.0,103.089472451
949.0,103.056209071
950.0,103.981831505
951.0,103.363028258
952.0,103.670535254
953.0,103.224919757
954.0,103.128282166
955.0,103.895064135
956.0,103.147354689
957.0,103.58036101
958.0,102.709175779
959.0,102.866608274
960.0,103.333106091
961.0,103.434497153
962.0,103.570027828
963.0,103.187337997
964.0,103.909448451
965.0,103.956898063
966.0,103.34082362
967.0,103.40417368
968.0,103.787928561
969.0,102.501097843
970.0,102.813748768
971.0,103.190495006
972.0,103.486284112
973.0,104.040643322
974.0,103.562736765
975.0,103.909343543
976.0,103.900149021
977.0,103.214940403
978.0,103.411494532
979.0,103.776468496
980.0,103.382779244
981.0,103.79240761
982.0,103.530759074
983.0,103.420089652
984.0,102.973643729
985.0,103.4168704
986.0,104.130433378
987.0,103.3232304
988.0,104.151075155
989.0,102.829126973
990.0,104.070451729
991.0,103.513422692
992.0,103.052247443
993.0,103.989373843
994.0,103.837197032
995.0,103.463675605
996.0,103.849385372
997.0,103.721607601
998.0,104.311097025
999.0,104.434431435
1000.0,103.607709
1001.0,103.160606512
1002.0,103.779571603
1003.0,103.368202531
1004.0,102.938250646
1005.0,102.536442104
1006.0,103.547781193
1007.0,103.048378408
1008.0,103.350658385
1009.0,103.436809724
1010.0,103.905641603
1011.0,103.315806333
1012.0,102.654662726
1013.0,103.278495047
1014.0,103.695828201
1015.0,103.038252666
1016.0,103.967089823
1017.0,104.174045284
1018.0,104.419655952
1019.0,103.307931653
1020.0,103.298173049
1021.0,103.601165672
1022.0,103.60395623
1023.0,103.338902843
1024.0,102.858275313
1025.0,102.755611947
1026.0,103.089305508
1027.0,103.905966587
1028.0,103.342252146
1029.0,104.206972628
1030.0,103.341718533
1031.0,103.107183465
1032.0,103.016271562
1033.0,102.950274765
1034.0,102.896327484
1035.0,103.256450929
1036.0,103.174429782
1037.0,102.769199975
1038.0,102.446693899
1039.0,103.221525917
1040.0,103.925472055
1041.0,104.608155633
1042.0,104.82216618
1043.0,102.630670475
1044.0,103.507213089
1045.0,104.029965827
1046.0,103.120582372
1047.0,103.139032215
1048.0,103.378640599
1049.0,103.708335171
1050.0,104.489968926
1051.0,103.885689448
1052.0,103.284530821
1053.0,103.516479801
1054.0,103.110958379
1055.0,103.344872677
1056.0,103.349855222
1057.0,103.293410753
1058.0,103.346887608
1059.0,103.553705483
1060.0,102.865689852
1061.0,104.609580877
1062.0,104.000589391
1063.0,102.246582429
1064.0,103.727586652
1065.0,103.413531353
1066.0,104.045771145
1067.0,103.451914924
1068.0,103.834657705
1069.0,102.703976514
1070.0,104.331503354
1071.0,103.297089954
1072.0,103.501158372
1073.0,104.013708462
1074.0,103.290160669
1075.0,103.051009509
1076.0,103.928126035
1077.0,103.258277591
1078.0,103.028821109
1079.0,103.379905601
1080.0,104.53377928
1081.0,103.719707492
1082.0,102.771556495
1083.0,103.207793755
1084.0,103.445909528
1085.0,103.993397789
1086.0,103.641270434
1087.0,103.817122527
1088.0,103.491335621
1089.0,103.802448546
1090.0,104.181587704
1091.0,104.970688192
1092.0,103.637737733
1093.0,103.539599958
1094.0,103.752828209
1095.0,103.189287402
1096.0,103.628155204
1097.0,104.7949886
1098.0,102.983317419
1099.0,102.88375235
1100.0,102.980613418
1101.0,103.39097804
1102.0,104.172302606
1103.0,102.433883064
1104.0,103.994319476
1105.0,103.716560077
1106.0,103.597457016
1107.0,103.989958881
1108.0,103.463216625
1109.0,103.048382631
1110.0,103.879044505
1111.0,102.288577583
1112.0,103.851162635
1113.0,103.781723663
1114.0,103.697636999
1115.0,103.792944693
1116.0,103.326159419
1117.0,104.347939521
1118.0,104.004481169
1119.0,103.953849208
1120.0,102.473876696
1121.0,103.767569174
1122.0,103.843060729
1123.0,103.89612327
1124.0,104.391363366
1125.0,103.820284591
1126.0,103.725329801
1127.0,103.667682599
1128.0,103.040338982
1129.0,104.279937168
1130.0,102.87709061
1131.0,104.142798176
1132.0,103.804834407
1133.0,103.028888289
1134.0,103.287418389
1135.0,103.391970051
1136.0,103.980826817
1137.0,103.090224214
1138.0,103.752360389
1139.0,103.272835491
1140.0,104.154752786
1141.0,102.567984191
1142.0,102.898981413
1143.0,102.272900748
1144.0,104.107116418
1145.0,102.750327993
1146.0,102.945335195
1147.0,103.693365449
1148.0,103.82947906
1149.0,103.139592137
1150.0,103.693587934
1151.0,103.601255257
1152.0,103.371639886
1153.0,104.069874737
1154.0,103.329361822
1155.0,104.309270285
1156.0,104.278100084
1157.0,103.816823175
1158.0,103.886368696
1159.0,104.938423093
1160.0,103.965314922
1161.0,103.771479185
1162.0,103.365610385
1163.0,103.40186458
1164.0,103.533114063
1165.0,104.058717028
1166.0,103.862713924
1167.0,103.69270718
1168.0,103.203643555
1169.0,103.240089771
1170.0,103.518347207
1171.0,102.693397463
1172.0,103.326098311
1173.0,103.557395189
1174.0,103.931004005
1175.0,103.123145644
1176.0,102.90717103
1177.0,104.525312496
1178.0,103.467237692
1179.0,103.468132928
1180.0,102.550743917
1181.0,103.614677553
1182.0,104.019136058
1183.0,103.619886971
1184.0,103.59010481
1185.0,103.075492091
1186.0,103.456351498
1187.0,103.645343009
1188.0,104.185203626
1189.0,102.589827193
1190.0,103.518235833
1191.0,103.211793094
1192.0,103.260831502
1193.0,103.855627397
1194.0,103.955171426
1195.0,102.321981755
1196.0,102.964361393
1197.0,103.580463618
1198.0,103.813835283
1199.0,102.781519811
1200.0,103.455778835
1201.0,103.264079939
1202.0,103.064695665
1203.0,104.700377001
1204.0,103.394888362
1205.0,103.33548785
1206.0,103.263304051
1207.0,103.766766332
1208.0,103.44124433
1209.0,103.513002125
1210.0,103.447694451
1211.0,104.534203806
1212.0,103.775555448
1213.0,103.361393056
1214.0,104.148267404
1215.0,103.8822371
1216.0,103.047837424
1217.0,103.365653564
1218.0,103.63863483
1219.0,103.498073745
1220.0,102.876029202
1221.0,104.002689108
1222.0,102.887851043
1223.0,104.387934706
1224.0,103.673702753
1225.0,103.67143157
1226.0,103.52255019
1227.0,103.731464093
1228.0,103.201359361
1229.0,103.674638551
1230.0,104.038789231
1231.0,103.488126851
1232.0,103.883396408
1233.0,104.685446592
1234.0,103.841540003
1235.0,103.928641932
1236.0,103.30595042
1237.0,103.815961091
1238.0,103.748075448
1239.0,103.613597181
1240.0,103.218512596
1241.0,103.485631353
1242.0,103.668365949
1243.0,103.263434267
1244.0,103.52858304
1245.0,103.46600909
1246.0,103.751877942
1247.0,103.868815053
1248.0,103.727648253
1249.0,104.636707829
1250.0,103.12351644
1251.0,102.525367681
1252.0,102.978623155
1253.0,103.386969996
1254.0,103.415311445
1255.0,103.309671928
1256.0,103.602121002
1257.0,103.928562224
1258.0,103.428350058
1259.0,102.288051066
1260.0,103.614223422
1261.0,103.942226308
1262.0,103.722436935
1263.0,103.349112692
1264.0,103.862010094
1265.0,102.865580214
1266.0,103.167011962
1267.0,103.289413446
1268.0,103.53376389
1269.0,103.759761232
1270.0,102.965489319
1271.0,102.594999298
1272.0,103.937650445
1273.0,103.701897486
1274.0,103.008649454
1275.0,103.9941889
1276.0,103.215038337
1277.0,103.696064664
1278.0,104.272625766
1279.0,102.840573645
1280.0,103.400128029
1281.0,103.219045776
1282.0,104.629083552
1283.0,103.851670198
1284.0,103.397059616
1285.0,103.621900215
1286.0,103.909261617
1287.0,103.398590039
1288.0,102.640715549
1289.0,103.98135866
1290.0,103.800577841
1291.0,103.40308576
1292.0,103.57063547
1293.0,102.791981375
1294.0,103.062252033
1295.0,104.260397007
1296.0,103.802103815
1297.0,103.620637774
1298.0,104.697149356
1299.0,103.665541471
1300.0,103.756134562
1301.0,103.712349286
1302.0,103.789101732
1303.0,103.935200634
1304.0,103.652787058
1305.0,102.795241412
1306.0,104.001182331
1307.0,103.227420703
1308.0,103.599205231
1309.0,103.543344339
1310.0,102.763559853
1311.0,104.402117353
1312.0,104.114030711
1313.0,103.063569168
1314.0,103.348249324
1315.0,103.419316576
1316.0,104.428122009
1317.0,104.317969221
1318.0,103.226677533
1319.0,103.995717657
1320.0,103.183003779
1321.0,104.204473337
1322.0,103.883048958
1323.0,103.690110701
1324.0,103.583835415
1325.0,102.95082478
1326.0,103.197810705
1327.0,102.827022688
1328.0,103.331542827
1329.0,102.638269303
1330.0,102.782967766
1331.0,104.240865016
1332.0,102.940134952
1333.0,103.449579212
1334.0,103.236384503
1335.0,103.411561083
1336.0,103.407920479
1337.0,103.955239329
1338.0,102.936466615
1339.0,103.319561385
1340.0,104.562258442
1341.0,104.237637059
1342.0,104.09545278
1343.0,103.346304504
1344.0,104.310037238
1345.0,104.394748482
1346.0,103.445681954
1347.0,103.666819823
1348.0,103.158275321
1349.0,103.302868642
1350.0,102.060235734
1351.0,102.529957949
1352.0,103.85005268
1353.0,103.241082681
1354.0,102.351505335
1355.0,103.462203218
1356.0,103.938861536
1357.0,103.537131051
1358.0,102.936198759
1359.0,103.257617513
1360.0,103.672907806
1361.0,103.509265665
1362.0,103.744972172
1363.0,104.250349024
1364.0,103.454497568
1365.0,102.621349922
1366.0,103.152618563
1367.0,102.430313204
1368.0,103.547160547
1369.0,103.748369081
1370.0,102.818944892
1371.0,103.606504197
1372.0,103.623253934
1373.0,103.73267181
1374.0,103.770613399
1375.0,104.097200044
1376.0,102.842636218
1377.0,104.351303899
1378.0,103.195003248
1379.0,104.109839225
1380.0,103.679614039
1381.0,103.416269605
1382.0,103.465488977
1383.0,102.77614194
1384.0,103.117002252
1385.0,102.680854014
1386.0,103.502537394
1387.0,103.20298705
1388.0,102.879884005
1389.0,103.353259187
1390.0,102.818766708
1391.0,103.508497936
1392.0,103.177133333
1393.0,103.45721425
1394.0,104.360143435
1395.0,102.92985693
1396.0,103.402624927
1397.0,103.079089155
1398.0,103.253894023
1399.0,103.141830355
1400.0,103.711440914
1401.0,104.497723156
1402.0,103.54609836
1403.0,103.173350311
1404.0,103.506690876
1405.0,102.695596972
1406.0,102.817658603
1407.0,103.059703987
1408.0,103.22003899
1409.0,103.563960034
1410.0,102.853302467
1411.0,103.129172132
1412.0,103.285845326
1413.0,102.700545677
1414.0,103.738765552
1415.0,103.366670527
1416.0,102.848360112
1417.0,103.1766209
1418.0,102.925228983
1419.0,104.014893544
1420.0,102.862198583
1421.0,103.50266389
1422.0,103.310269502
1423.0,103.421223732
1424.0,103.779381668
1425.0,103.562112172
1426.0,102.743419709
1427.0,103.297042457
1428.0,103.59510379
1429.0,104.030902468
1430.0,103.555605283
1431.0,102.651270204
1432.0,103.458701453
1433.0,103.336493621
1434.0,102.544512731
1435.0,103.514848112
1436.0,103.440118832
1437.0,102.886381978
1438.0,103.636648525
1439.0,103.2366733
1440.0,104.151664128
1441.0,103.792396143
1442.0,103.372268771
1443.0,103.634594071
1444.0,103.283305254
1445.0,103.311573011
1446.0,103.379039279
1447.0,104.676943602
1448.0,103.805142626
1449.0,103.836728978
1450.0,103.805998319
1451.0,103.875897757
1452.0,103.167463947
1453.0,103.258642935
1454.0,103.554284634
1455.0,103.782070783
1456.0,104.24999565
1457.0,103.709446581
1458.0,103.399332665
1459.0,103.832589022
1460.0,103.262644157
1461.0,103.714042246
1462.0,103.717319687
1463.0,103.280092908
1464.0,102.722529853
1465.0,103.744351264
1466.0,104.437425148
1467.0,103.480714203
1468.0,103.227167613
1469.0,103.364274878
1470.0,103.175326479
1471.0,104.474784561
1472.0,103.271433802
1473.0,103.107316156
1474.0,103.088752637
1475.0,103.006248117
1476.0,102.774862562
1477.0,104.187444464
1478.0,103.808882661
1479.0,103.905476408
1480.0,103.827275081
1481.0,103.483499023
1482.0,103.426687919
1483.0,102.956786955
1484.0,104.214454662
1485.0,103.498298657
1486.0,104.5802724
1487.0,103.881650544
1488.0,103.27077469
1489.0,103.563050525
1490.0,104.01153684
1491.0,103.74822627
1492.0,103.01062298
1493.0,103.897562157
1494.0,102.669412256
1495.0,104.081589519
1496.0,103.245866047
1497.0,103.928378523
1498.0,104.050727036
1499.0,102.957543414
1500.0,76.5482882311
1501.0,76.9389153241
1502.0,77.2481138651
1503.0,76.5197268237
1504.0,77.1531030923
1505.0,76.6685592399
1506.0,76.3256002187
1507.0,76.9643599835
1508.0,77.1497944959
1509.0,77.7263975895
1510.0,76.1744394035
1511.0,76.1028213747
1512.0,76.946568448
1513.0,76.8148069344
1514.0,76.6645922644
1515.0,77.0914611757
1516.0,76.8813108165
1517.0,76.691040913
1518.0,76.0264675826
1519.0,77.2941170018
1520.0,76.1443223061
1521.0,77.7606954691
1522.0,75.3440491756
1523.0,77.1675936656
1524.0,75.2904274735
1525.0,76.994211885
1526.0,77.118392798
1527.0,76.4111738138
1528.0,76.5230369208
1529.0,77.1937965839
1530.0,75.9629174893
1531.0,76.1817668087
1532.0,77.363649448
1533.0,77.8758741516
1534.0,77.0403782976
1535.0,76.3817135185
1536.0,75.7143546616
1537.0,75.622270096
1538.0,77.0881546567
1539.0,77.3177508565
1540.0,76.4262912822
1541.0,77.17571648
1542.0,76.2664017538
1543.0,77.1818671382
1544.0,75.9846760963
1545.0,76.7772631557
1546.0,76.7209327659
1547.0,76.7657352693
1548.0,76.7501878254
1549.0,76.8017276364
1550.0,76.0005910513
1551.0,76.9959573969
1552.0,76.4601736745
1553.0,76.6636288379
1554.0,76.3924017407
1555.0,76.6271299728
1556.0,77.1808134625
1557.0,76.4751348333
1558.0,76.3695532515
1559.0,76.4597779239
1560.0,76.9484262223
1561.0,76.763464582
1562.0,76.4716154392
1563.0,76.5686207008
1564.0,76.0832861824
1565.0,75.3463495084
1566.0,76.3764253102
1567.0,77.2270600133
1568.0,76.5172808013
1569.0,77.061164431
1570.0,76.8224292172
1571.0,76.851566224
1572.0,75.8188844081
1573.0,76.572937561
1574.0,76.2730049767
1575.0,76.1342301753
1576.0,76.6601054077
1577.0,76.7520234421
1578.0,75.4302141362
1579.0,78.0898918968
1580.0,76.8849026415
1581.0,76.6766315337
1582.0,76.4313538912
1583.0,76.9032790151
1584.0,76.7593081791
1585.0,75.9562518736
1586.0,76.8825729057
1587.0,77.3509689292
1588.0,76.0706349491
1589.0,77.1963374192
1590.0,76.976193656
1591.0,76.5377964802
1592.0,76.7725742407
1593.0,78.0461540353
1594.0,76.6999942685
1595.0,76.3366584627
1596.0,76.873818393
1597.0,76.8130317181
1598.0,77.518867337
1599.0,77.2995306087
1600.0,77.410911963
1601.0,75.8042651685
1602.0,76.5027668166
1603.0,77.4833120845
1604.0,75.8315835367
1605.0,76.8181160952
1606.0,77.4155450333
1607.0,77.007445451
1608.0,76.3181725307
1609.0,76.8518928099
1610.0,75.7295394522
1611.0,76.8214658462
1612.0,76.9011360299
1613.0,76.7649102712
1614.0,76.9530034082
1615.0,75.9826375202
1616.0,77.06824486
1617.0,76.7447447712
1618.0,77.3282053241
1619.0,77.9983523528
1620.0,77.8030971825
1621.0,76.634091357
1622.0,77.6350031889
1623.0,76.2968604416
1624.0,76.8677042724
1625.0,76.605868768
1626.0,76.9639960023
1627.0,77.3247268982
1628.0,76.9713640541
1629.0,76.4910708335
1630.0,76.710871672
1631.0,76.481938252
1632.0,76.8934655763
1633.0,76.6229073147
1634.0,76.1790425136
1635.0,77.3606532356
1636.0,77.0869164635
1637.0,76.4531580598
1638.0,76.9716017187
1639.0,76.5119182482
1640.0,77.0891028459
1641.0,75.9936844921
1642.0,76.4501265753
1643.0,78.2731438999
1644.0,75.9276224232
1645.0,77.031505711
1646.0,76.9830961957
1647.0,76.1135425266
1648.0,76.4132523209
1649.0,77.2448342331
1650.0,76.3418406437
1651.0,76.8157107999
1652.0,76.4988022502
1653.0,76.4282156939
1654.0,77.1953231547
1655.0,76.7670745534
1656.0,76.1178280255
1657.0,76.7376996524
1658.0,76.3955175468
1659.0,77.0391102303
1660.0,76.3788111624
1661.0,77.5470271104
1662.0,76.072270214
1663.0,76.5885334392
1664.0,77.3916639519
1665.0,76.4758635479
1666.0,77.2792332959
1667.0,76.0426899241
1668.0,75.5454239515
1669.0,77.2955071731
1670.0,76.752100979
1671.0,76.6184186896
1672.0,78.0046007
1673.0,77.1543095944
1674.0,76.5745572299
1675.0,77.2566047854
1676.0,76.5747004824
1677.0,76.5657913953
1678.0,76.9131719467
1679.0,76.4708287265
1680.0,76.370824538
1681.0,77.111476395
1682.0,76.271218293
1683.0,77.2204843774
1684.0,77.0443400359
1685.0,77.0773049818
1686.0,76.3953216874
1687.0,76.4798564554
1688.0,76.0930890714
1689.0,77.5775160655
1690.0,76.7390765564
1691.0,76.4451116996
1692.0,75.5918673469
1693.0,76.6773748981
1694.0,77.5195804454
1695.0,76.7557092383
1696.0,76.5284624612
1697.0,76.6590282133
1698.0,76.6431690959
1699.0,76.8172829606
1700.0,76.6491795126
1701.0,75.103014662
1702.0,76.0995045865
1703.0,76.0085063634
1704.0,76.6892857133
1705.0,76.3979062165
1706.0,77.4724795181
1707.0,77.0016317962
1708.0,77.7479074189
1709.0,77.066888644
1710.0,75.5400789454
1711.0,76.4095172816
1712.0,76.8861110961
1713.0,77.6534975221
1714.0,76.6642386369
1715.0,76.6388072518
1716.0,76.8631749683
1717.0,77.2017322338
1718.0,77.0730063492
1719.0,77.6673576277
1720.0,76.9332930141
1721.0,76.6640366695
1722.0,77.1918946277
1723.0,77.0410201739
1724.0,77.3469148543
1725.0,76.3981481099
1726.0,76.2671339166
1727.0,77.0595619461
1728.0,77.5465994966
1729.0,76.4476016651
1730.0,76.0571804328
1731.0,76.1355518016
1732.0,76.3815762385
1733.0,77.3887856347
1734.0,76.881848248
1735.0,77.5855155808
1736.0,76.6390925315
1737.0,76.9885495293
1738.0,76.8962238857
1739.0,77.4374111722
1740.0,77.1638107746
1741.0,76.4328845217
1742.0,77.8594828246
1743.0,76.6331148234
1744.0,76.0556852706
1745.0,76.3532750394
1746.0,76.8496852793
1747.0,76.641578034
1748.0,77.0277281741
1749.0,77.0245613474
1750.0,77.2807899802
1751.0,76.8664181675
1752.0,76.4408211001
1753.0,75.946301848
1754.0,76.5776777387
1755.0,77.0892678778
1756.0,77.2877420847
1757.0,76.4528651291
1758.0,76.579018046
1759.0,76.8220625202
1760.0,77.1871915625
1761.0,76.3493061668
1762.0,76.7043461681
1763.0,76.1396809205
1764.0,76.6078808597
1765.0,77.3498909632
1766.0,75.2564380289
1767.0,76.5371602714
1768.0,76.9760617106
1769.0,75.5668597893
1770.0,76.70313183
1771.0,77.5867340787
1772.0,76.6661426522
1773.0,76.3733920682
1774.0,76.9327230675
1775.0,76.1779628519
1776.0,76.4804093614
1777.0,76.6450636752
1778.0,76.8506594089
1779.0,76.6446573134
1780.0,76.6811033983
1781.0,76.6301151476
1782.0,76.2853150428
1783.0,76.5286922736
1784.0,76.9715530548
1785.0,76.7495477061
1786.0,77.3365528205
1787.0,76.4962370205
1788.0,76.8903188929
1789.0,77.0032019434
1790.0,77.0277447301
1791.0,76.275287036
1792.0,76.2558540284
1793.0,76.5426080065
1794.0,77.660593687
1795.0,76.3476433651
1796.0,77.0916743676
1797.0,76.9972669615
1798.0,77.2334955551
1799.0,75.7715266202
1800.0,76.2056786615
1801.0,76.6140247303
1802.0,77.3080513838
1803.0,76.6753991254
1804.0,76.525680901
1805.0,75.9428772121
1806.0,76.8553162974
1807.0,76.7273130809
1808.0,76.892255435
1809.0,76.5734148692
1810.0,76.7656312109
1811.0,77.248953129
1812.0,76.8410816291
1813.0,76.7566320231
1814.0,76.0371041597
1815.0,76.3457548722
1816.0,76.1587377755
1817.0,77.0355350969
1818.0,76.8394188712
1819.0,75.92354003
1820.0,76.7192851036
1821.0,77.3940133283
1822.0,76.9255515984
1823.0,77.3846426641
1824.0,77.3885598093
1825.0,76.458625604
1826.0,76.5703252552
1827.0,76.4773027028
1828.0,77.4035798998
1829.0,75.8409968023
1830.0,76.5710788614
1831.0,76.4228152552
1832.0,76.5074978801
1833.0,76.7641498924
1834.0,77.1614707611
1835.0,77.2341206253
1836.0,75.8476047869
1837.0,76.8136534213
1838.0,76.5035696501
1839.0,76.4261135352
1840.0,76.422722971
1841.0,76.5490856268
1842.0,76.3493523046
1843.0,77.1597925956
1844.0,78.3402629521
1845.0,77.2675377926
1846.0,76.8270761241
1847.0,76.3079080835
1848.0,76.7846572099
1849.0,76.934938462
1850.0,77.104325416
1851.0,76.4793724839
1852.0,76.1262464709
1853.0,77.426290921
1854.0,76.9917732364
1855.0,76.9130894857
1856.0,76.2987915651
1857.0,76.8046140994
1858.0,76.5921672952
1859.0,77.5186392599
1860.0,76.2094112229
1861.0,76.1350143782
1862.0,77.365359601
1863.0,76.4323407363
1864.0,77.9779202926
1865.0,77.2224964819
1866.0,76.9748316454
1867.0,75.6352377177
1868.0,77.3027689772
1869.0,76.949870475
1870.0,77.2872514113
1871.0,76.7606887343
1872.0,76.2923906601
1873.0,77.7700006184
1874.0,76.783347903
1875.0,76.7151867159
1876.0,76.5002217497
1877.0,76.5612872995
1878.0,77.0441816758
1879.0,76.2620934687
1880.0,76.722822214
1881.0,77.5074519682
1882.0,76.2606251066
1883.0,76.516181083
1884.0,76.3981827148
1885.0,75.7951409018
1886.0,77.1738481461
1887.0,76.7209770555
1888.0,76.3019808298
1889.0,76.2415405661
1890.0,76.7309026329
1891.0,75.8697738946
1892.0,75.7014416694
1893.0,77.4916873508
1894.0,76.4533677986
1895.0,77.1571043235
1896.0,77.205065216
1897.0,76.204311129
1898.0,76.2937677285
1899.0,75.750789034
1900.0,76.921613895
1901.0,77.4816962277
1902.0,76.2267536632
1903.0,76.4713046294
1904.0,75.6597451894
1905.0,77.0204474724
1906.0,77.0556160119
1907.0,76.3101208755
1908.0,77.5952977811
1909.0,76.7790593315
1910.0,77.7671935661
1911.0,75.8972894113
1912.0,77.2590230876
1913.0,77.1533179461
1914.0,77.1956656695
1915.0,77.0835534786
1916.0,76.6473305205
1917.0,77.3243454009
1918.0,77.6758582633
1919.0,77.198922679
1920.0,76.5647609696
1921.0,77.0238523458
1922.0,76.1379244696
1923.0,76.1140171189
1924.0,77.0883670879
1925.0,76.6334289327
1926.0,76.6758747693
1927.0,76.2939667846
1928.0,76.6346283581
1929.0,76.9543194484
1930.0,76.3697216592
1931.0,77.1597479028
1932.0,76.0876797435
1933.0,77.0034694966
1934.0,77.518067897
1935.0,77.7740621791
1936.0,76.8442446998
1937.0,76.9194019142
1938.0,76.7217358871
1939.0,76.6135376672
1940.0,76.6953052133
1941.0,76.9501203744
1942.0,76.8501881825
1943.0,76.6854549177
1944.0,76.8709290507
1945.0,76.5663733409
1946.0,77.6872134712
1947.0,75.1518775442
1948.0,76.1575144268
1949.0,76.3966533828
1950.0,76.8963420862
1951.0,75.6682702941
1952.0,77.7273449403
1953.0,76.0181885676
1954.0,76.3496354248
1955.0,76.7751990757
1956.0,75.8182323347
1957.0,76.9677112199
1958.0,76.951257719
1959.0,76.8479334396
1960.0,76.787139993
1961.0,77.0950823051
1962.0,76.3401370887
1963.0,77.0198682619
1964.0,77.5147968733
1965.0,75.0
1966.0,76.2266523581
1967.0,76.6528881956
1968.0,77.0303067944
1969.0,76.5884237981
1970.0,76.2226558946
1971.0,76.0659438353
1972.0,77.6027269181
1973.0,76.7800299719
1974.0,76.2318149952
1975.0,76.46522362
1976.0,77.0609889985
1977.0,76.7178946348
1978.0,76.5124387869
1979.0,77.2076116318
1980.0,76.4216261529
1981.0,76.6253305734
1982.0,76.5885106032
1983.0,76.7343894115
1984.0,77.018920531
1985.0,76.3651845079
1986.0,76.0166283055
1987.0,76.5577964745
1988.0,76.9938861631
1989.0,77.1470533463
1990.0,76.7119159535
1991.0,76.20906881
1992.0,76.5430070979
1993.0,76.7623330392
1994.0,76.4766393069
1995.0,76.9486128491
1996.0,75.9573536802
1997.0,76.7922715195
1998.0,77.0321849652
1999.0,76.9899054621
